file,city,place,place_en,event,"title_bg (for orientation, ignored)"
svatba-001,,,,svatba,Гости с вдигнати ръце
svatba-002,,,,svatba,Булчински букет
svatba-003,,,,svatba,Венчални халки
svatba-004,,,,svatba,Силует на целувка
svatba-005,,,,svatba,Булка между колони
svatba-006,,,,svatba,Портрет в бежова рокля
svatba-007,,,,svatba,Булка на стълбите
svatba-008,,,,svatba,Халки на преден план
svatba-009,,,,svatba,Двойка в градината
svatba-010,,,,svatba,Целувка сред зеленина
svatba-011,,,,svatba,Носена на ръце
svatba-012,,,,svatba,Черно-бяла прегръдка
svatba-013,,,,svatba,Приятели пред арката
svatba-014,,,,svatba,Младоженец до бял автомобил
svatba-015,,,,svatba,Ръка за ръка
svatba-016,,,,svatba,Размяна на халки
svatba-017,,,,svatba,Прегръдка на церемонията
svatba-018,,,,svatba,Първи танц
svatba-019,,,,svatba,Целувка по бузата
svatba-020,,,,svatba,Разходка в градината
svatba-021,,,,svatba,Усмивки в черно и бяло
svatba-022,,,,svatba,Стена с червен бръшлян
svatba-023,,,,svatba,Засмяна булка
svatba-024,,,,svatba,Лъч светлина
svatba-025,,,,svatba,Сведен поглед
svatba-026,,,,svatba,Младоженец на вратата
svatba-027,,,,svatba,Веранда в черно и бяло
svatba-028,,,,svatba,Сенки на каменната стена
svatba-029,,,,svatba,Булка до арковиден прозорец
svatba-030,,,,svatba,Двойка пред стара къща
svatba-031,,,,svatba,Булка сред зеленина
svatba-032,,,,svatba,Чело до чело
svatba-033,,,,svatba,Прегръдка до каменна стена
svatba-034,,,,svatba,Булка в каменен свод
svatba-035,,,,svatba,Младоженци над града
svatba-036,,,,svatba,Танц на терасата
svatba-037,,,,svatba,Целувка на ръка
svatba-038,,,,svatba,Целувка под воала
svatba-039,,,,svatba,Младоженци в залата
svatba-040,,,,svatba,Танц със слънчеви очила
svatba-041,,,,svatba,Гости на сватбата
svatba-042,,,,svatba,Група в лилава светлина
svatba-043,,,,svatba,Целувка край басейна
svatba-044,,,,svatba,Купон на дансинга
svatba-045,,,,svatba,Тераса над града
svatba-046,,,,svatba,Младоженец на терасата
svatba-047,,,,svatba,Целувка под арка
svatba-048,,,,svatba,Усмивки на стълбите
svatba-049,,,,svatba,Булка край басейн
svatba-050,,,,svatba,Прегръдка в градината
svatba-051,,,,svatba,Гостенки в залата
svatba-052,,,,svatba,Церемония на открито
svatba-053,,,,svatba,Танци в шатрата
svatba-054,,,,svatba,Булка със златна корона
svatba-055,,,,svatba,Ритуал в народни носии
svatba-056,,,,svatba,Групова снимка пред сградата
svatba-057,,,,svatba,Танц в народни носии
svatba-058,,,,svatba,Ръкопляскащи гости
svatba-059,,,,svatba,Сватбено шествие
svatba-060,,,,svatba,Ритуал с носии
svatba-061,,,,svatba,Ритуал на дансинга
svatba-062,,,,svatba,Подготовка на булката
svatba-063,,,,svatba,Булка и приятелка
svatba-064,,,,svatba,Разходка по калдъръм
svatba-065,,,,svatba,Младоженци и гостенка
svatba-066,,,,svatba,Погача пред колата
svatba-067,,,,svatba,Младоженец до каменна стена
svatba-068,,,,svatba,Торта за младоженците
svatba-069,,,,svatba,Игра на вратата
svatba-070,,,,svatba,Целувка в стара уличка
svatba-071,,,,svatba,Целувка на ръката
svatba-072,,,,svatba,Танц на младоженците
svatba-073,,,,svatba,Църковен венчален обред
svatba-074,,,,svatba,Благословия на младоженеца
svatba-075,,,,svatba,Целувка в есенния парк
svatba-076,,,,svatba,Закачлива двойка
svatba-077,,,,svatba,Златно поле и планина
svatba-078,,,,svatba,Разходка по улицата
svatba-079,,,,svatba,Прегръдка на стъпалата
svatba-080,,,,svatba,Булка и шаферки
svatba-081,,,,svatba,Двойка на пейка
svatba-082,,,,svatba,Черно-бяла прегръдка на калдъръм
svatba-083,,,,svatba,Двойка до каменен мост
svatba-084,,,,svatba,Групова снимка на червен килим
svatba-085,,,,svatba,Целувка пред моста
svatba-086,,,,svatba,Фойерверки
svatba-087,,,,svatba,Групова снимка с цветна арка
svatba-088,,,,svatba,Гости пред цветния фон
svatba-089,,,,svatba,Обувка във въздуха
svatba-090,,,,svatba,Танцуващ гост
svatba-091,,,,svatba,Гости в светла зала
svatba-092,,,,svatba,Група пред зелен декор
svatba-093,,,,svatba,Церемония с панделка
svatba-094,,,,svatba,Гости на масите
svatba-095,,,,svatba,Булка на дансинга
svatba-096,,,,svatba,На прага
svatba-097,,,,svatba,Двойка с цветна арка
svatba-098,,,,svatba,Булка и приятелка на поляната
svatba-099,,,,svatba,Торта с дракон
svatba-100,,,,svatba,Целувка на терасата
svatba-101,,,,svatba,Веселба на дансинга
svatba-102,,,,svatba,Хоро с младоженците
svatba-103,,,,svatba,Хоро в светла зала
svatba-104,,,,svatba,Булка на сватбената маса
svatba-105,,,,svatba,Подаръчна кошница
svatba-106,,,,svatba,Гост до колона
svatba-107,,,,svatba,Хоро с преплетени ръце
svatba-108,,,,svatba,Шествие с байрак
svatba-109,,,,svatba,Младоженецът в залата
svatba-110,,,,svatba,Весели гости
svatba-111,,,,svatba,Смях на сватбената маса
svatba-112,,,,svatba,Младоженецът във въздуха
svatba-113,,,,svatba,Приятели на масата
svatba-114,,,,svatba,Гости пред украсената маса
svatba-115,,,,svatba,Розови листенца на пода
svatba-116,,,,svatba,Студени фойерверки
svatba-117,,,,svatba,Семеен кадър пред зелен фон
svatba-118,,,,svatba,Групова снимка в градината
svatba-119,,,,svatba,Вечерен танц в градината
svatba-120,,,,svatba,Банкетна зала
svatba-121,,,,svatba,Целувка на сватбената маса
svatba-122,,,,svatba,Танц на терасата в есента
svatba-123,,,,svatba,Сърце от жив плет
svatba-124,,,,svatba,Танц на гостите
svatba-125,,,,svatba,Младоженци и приятелка
svatba-126,,,,svatba,Сватбена украса
svatba-127,,,,svatba,Аплодисменти за младоженците
svatba-128,,,,svatba,Гости на дансинга
svatba-129,,,,svatba,При портата
svatba-130,,,,svatba,Музиканти с акордеон и тъпан
svatba-131,,,,svatba,Младоженец до бяла кола
svatba-132,,,,svatba,Подготовка на младоженеца
svatba-133,,,,svatba,Младоженци със семейството
svatba-134,,,,svatba,Тост на сватбената маса
