file,original,title_bg,alt_bg,alt_en,city,place,width,height
svatba-001,assets/portfolio/others_001.jpg,Гости с вдигнати ръце,Черно-бяла снимка на весели гости с вдигнати ръце на сватбено тържество,Black-and-white photo of cheerful wedding guests dancing with their arms raised,,,1600,1066
svatba-002,assets/portfolio/others_002.jpg,Булчински букет,"Булка държи пастелен букет, завързан с бяла панделка",Bride holding a pastel bouquet tied with a white ribbon,,,1600,1063
svatba-003,assets/portfolio/others_003.jpg,Венчални халки,Ръце на младоженци с венчални халки върху искряща рокля,Newlyweds' hands with wedding rings resting on a sparkling gown,,,1067,1600
svatba-004,assets/portfolio/others_004.jpg,Силует на целувка,Силует на целуваща се двойка на фона на небето при залез,Silhouette of a kissing couple against the sky at sunset,,,1067,1600
svatba-005,assets/portfolio/others_005.jpg,Булка между колони,Булка в бяла рокля с развяващ се воал между каменни колони под облачно небе,Bride in a white gown with a flowing veil between stone columns under a cloudy sky,,,1067,1600
svatba-006,assets/portfolio/others_006.jpg,Портрет в бежова рокля,Портрет на млада жена в бежова корсетна рокля с волани,Portrait of a young woman in a beige ruffled corset dress,,,1067,1600
svatba-007,assets/portfolio/others_007.jpg,Булка на стълбите,"Булка в рокля от волани, заснета отзад на стълбище пред витражен прозорец",Bride in a ruffled gown photographed from behind on a staircase in front of a stained-glass window,,,1067,1600
svatba-008,assets/portfolio/others_008.jpg,Халки на преден план,Две венчални халки на преден план и размити младоженци зад тях,Two wedding rings in the foreground with the blurred couple behind them,,,1067,1600
svatba-009,assets/portfolio/others_009.jpg,Двойка в градината,"Младоженци се гледат нежно в градина – булката с червен букет, младоженецът в светлосин костюм","Newlyweds gazing at each other in a garden – the bride with a red bouquet, the groom in a light blue suit",,,1067,1600
svatba-010,assets/portfolio/others_012.jpg,Целувка сред зеленина,"Целувка сред тъмна зеленина, булката е в ментова дантелена рокля","A kiss among dark greenery, the bride in a mint lace dress",,,1067,1600
svatba-011,assets/portfolio/others_013.jpg,Носена на ръце,Младоженецът носи булката на ръце сред гора и я целува,The groom carries the bride in his arms in a forest and kisses her,,,1600,1066
svatba-012,assets/portfolio/others_015.jpg,Черно-бяла прегръдка,Черно-бяла прегръдка на двойка пред украсена арка с монограм,Black-and-white embrace of a couple in front of a decorated arch with a monogram,,,1067,1600
svatba-013,assets/portfolio/others_016.jpg,Приятели пред арката,Двама приятели в бели ризи се прегръщат пред сватбена арка с цветя,Two friends in white shirts hug in front of a floral wedding arch,,,1600,1066
svatba-014,assets/01.jpg,Младоженец до бял автомобил,Усмихнат младоженец в смокинг с папийонка до бял автомобил,Smiling groom in a tuxedo with a bow tie next to a white car,,,1600,1067
svatba-015,assets/02.jpg,Ръка за ръка,Младоженци вървят ръка за ръка по каменна настилка пред бели колони,Newlyweds walk hand in hand on stone paving in front of white columns,,,1067,1600
svatba-016,assets/03.jpg,Размяна на халки,Младоженецът слага халка на пръста на булката пред гостите,The groom puts the ring on the bride's finger in front of the guests,,,1600,1067
svatba-017,assets/04.jpg,Прегръдка на церемонията,Емоционална прегръдка между булката и възрастен мъж на церемония в златна светлина,An emotional hug between the bride and an older man at a ceremony in golden light,,,1600,1067
svatba-018,assets/05.jpg,Първи танц,Черно-бяла снимка на танц – булката се върти в роклята си в светла украсена зала,Black-and-white dance photo – the bride twirls in her gown in a bright decorated hall,,,1067,1600
svatba-019,assets/06.jpg,Целувка по бузата,"Младоженецът целува булката по бузата сред есенни листа, а тя държи пъстър букет",The groom kisses the bride's cheek among autumn leaves while she holds a colourful bouquet,,,1600,1067
svatba-020,assets/07.jpg,Разходка в градината,Младоженци вървят към обектива по градинска пътека сред зеленина,Newlyweds walk towards the camera on a garden path among greenery,,,1067,1600
svatba-021,assets/08.jpg,Усмивки в черно и бяло,"Черно-бяла снимка на усмихнати младоженци, които вървят навън",Black-and-white photo of smiling newlyweds walking outdoors,,,1067,1600
svatba-022,assets/09.jpg,Стена с червен бръшлян,Младоженци един срещу друг до каменна стена с червени есенни листа,Newlyweds facing each other next to a stone wall with red autumn leaves,,,1067,1600
svatba-023,assets/010.jpg,Засмяна булка,"Засмяна булка с воал и пъстър букет, на рамото ѝ лежи ръката на мъж","A laughing bride with a veil and a colourful bouquet, a man's hand resting on her shoulder",,,1067,1600
svatba-024,assets/011.jpg,Лъч светлина,"Булка с воал и букет до стара каменна стена, огряна от лъч светлина",Bride with a veil and bouquet beside an old stone wall lit by a shaft of light,,,1067,1600
svatba-025,assets/012.jpg,Сведен поглед,"Булка с воал и букет в топла светлина, с поглед, насочен надолу","Bride with a veil and bouquet in warm light, looking down",,,1600,1067
svatba-026,assets/013.jpg,Младоженец на вратата,Младоженец в тъмен костюм на вратата на сграда с рисувани арки,Groom in a dark suit in the doorway of a building with painted arches,,,1600,1067
svatba-027,assets/014.jpg,Веранда в черно и бяло,"Черно-бяла снимка на младоженци, прегърнати на веранда с фенери",Black-and-white photo of a couple embracing on a porch with lanterns,,,1067,1600
svatba-028,assets/015.jpg,Сенки на каменната стена,Черно-бяла снимка на булка с воал и сянка на арка върху стара каменна стена,Black-and-white photo of a bride with a veil and an arch's shadow on an old stone wall,,,1067,1600
svatba-029,assets/016.jpg,Булка до арковиден прозорец,Булка с воал и жълт букет пред каменна стена с арковиден прозорец в златна светлина,Bride with a veil and a yellow bouquet in front of a stone wall with an arched window in golden light,,,1067,1600
svatba-030,assets/017.jpg,Двойка пред стара къща,Широк кадър на младоженци пред стара къща с веранда и лозница,Wide shot of newlyweds in front of an old house with a veranda and vines,,,1600,1067
svatba-031,assets/018.jpg,Булка сред зеленина,Булка с дълъг воал и пъстър букет пред зелени храсти в слънчев ден,Bride with a long veil and a colourful bouquet in front of green shrubs on a sunny day,,,1067,1600
svatba-032,assets/019.jpg,Чело до чело,"Младоженецът в черен смокинг прегръща булката, челата им се докосват","The groom in a black tuxedo embraces the bride, their foreheads touching",,,1067,1600
svatba-033,assets/020.jpg,Прегръдка до каменна стена,Младоженци се прегръщат до стара каменна стена в топла светлина,Newlyweds embrace beside an old stone wall in warm light,,,1067,1600
svatba-034,assets/021.jpg,Булка в каменен свод,"Силует на булка в каменен сводест отвор, черно-бяла фотография","Silhouette of a bride in a stone vaulted opening, black-and-white photography",,,1067,1600
svatba-035,assets/022.jpg,Младоженци над града,Младоженци върху скалист хълм с гледка към града и драматично небе,Newlyweds on a rocky hill overlooking the city under a dramatic sky,,,1067,1600
svatba-036,assets/portfolio/001.jpg,Танц на терасата,Булка и младоженец танцуват на тераса пред големи прозорци,Bride and groom dancing on a terrace in front of large windows,,,1067,1600
svatba-037,assets/portfolio/002.jpg,Целувка на ръка,Младоженецът целува ръката на булката на зелена морава пред красива сграда,The groom kisses the bride's hand on a green lawn in front of a stately building,,,1067,1600
svatba-038,assets/portfolio/003.jpg,Целувка под воала,"Целувка на младоженци под воала, докато гост наблизо ръкопляска",The couple kissing under the veil while a guest applauds nearby,,,1600,1066
svatba-039,assets/portfolio/004.jpg,Младоженци в залата,Младоженец в тъмносин костюм с папийонка и булка в рокля с открити рамене в банкетна зала с полилей,Groom in a navy suit with a bow tie and bride in an off-shoulder dress in a banquet hall with a chandelier,,,1067,1600
svatba-040,assets/portfolio/005.jpg,Танц със слънчеви очила,"Гости танцуват весело на дансинга, някои със забавни слънчеви очила","Guests dancing happily on the dance floor, some wearing funny sunglasses",,,1600,1066
svatba-041,assets/portfolio/006.jpg,Гости на сватбата,Усмихнати гости на сватбено тържество в ресторант с гледка към планина,Smiling wedding guests in a restaurant with a mountain view,,,1600,1066
svatba-042,assets/portfolio/007.jpg,Група в лилава светлина,Група млади мъже със слънчеви очила позират в банкетна зала с лилаво осветление,A group of young men in sunglasses posing in a banquet hall with purple lighting,,,1600,1066
svatba-043,assets/portfolio/008.jpg,Целувка край басейна,Нощна целувка на младоженци край басейн под бяла цветна арка,A night-time kiss of the newlyweds by a pool under a white floral arch,,,1600,1066
svatba-044,assets/portfolio/009.jpg,Купон на дансинга,Танцуващи гости в украсена зала с каменна стена,Dancing guests in a decorated venue with a stone wall,,,1600,1066
svatba-045,assets/portfolio/010.jpg,Тераса над града,Младоженци на тераса с бяла балюстрада и гледка към планински град,Newlyweds on a terrace with a white balustrade overlooking a mountain town,,,1600,1066
svatba-046,assets/portfolio/011.jpg,Младоженец на терасата,Младоженец в бежов костюм на бяла тераса със залесени планински склонове зад него,Groom in a beige suit on a white terrace with forested mountain slopes behind him,,,1067,1600
svatba-047,assets/portfolio/012.jpg,Целувка под арка,Целувка на младоженци под метална градинска арка на фона на синьо небе с облаци,Newlyweds kissing under a metal garden arch against a blue sky with clouds,,,1067,1600
svatba-048,assets/portfolio/013.jpg,Усмивки на стълбите,Усмихната двойка младоженци на каменни стъпала,A smiling newlywed couple on stone steps,,,1600,1066
svatba-049,assets/portfolio/014.jpg,Булка край басейн,Булка с дълъг воал до басейн с тюркоазени плочки,Bride with a long veil next to a pool with teal tiles,,,1067,1600
svatba-050,assets/portfolio/015.jpg,Прегръдка в градината,Младоженци се прегръщат в градина със спираловидно подрязан храст,Newlyweds embracing in a garden with a spiral-trimmed topiary bush,,,1600,1066
svatba-051,assets/portfolio/016.jpg,Гостенки в залата,Две гостенки в официални рокли позират в тъмна зала със златисти светлини,Two female guests in formal dresses posing in a dark hall with golden lights,,,1600,1066
svatba-052,assets/portfolio/017.jpg,Церемония на открито,"Церемония на открито – младоженците край малка бяла маса, а гостите наблюдават",An outdoor ceremony – the couple beside a small white table while the guests look on,,,1600,1066
svatba-053,assets/portfolio/018.jpg,Танци в шатрата,Гости танцуват в шатра с розово осветление и бели драперии,Guests dancing in a marquee with pink lighting and white drapery,,,1600,1066
svatba-054,assets/portfolio/019.jpg,Булка със златна корона,"Булка със златна корона и воал на църковен венчален обред, държи пастелен букет","Bride wearing a golden crown and a veil at a church wedding, holding a pastel bouquet",,,1067,1600
svatba-055,assets/portfolio/020.jpg,Ритуал в народни носии,Мъже в народни носии и българско знаме по време на сватбен ритуал в залата,Men in folk costumes and a Bulgarian flag during a wedding ritual in the hall,,,1600,1066
svatba-056,assets/portfolio/021.jpg,Групова снимка пред сградата,Гости позират за групова снимка пред входа на сграда,Guests pose for a group photo in front of a building entrance,,,1600,1066
svatba-057,assets/portfolio/022.jpg,Танц в народни носии,Танц на гости в народни носии в зала с лилаво осветление,A dance of guests in folk costumes in a hall with purple lighting,,,1600,1066
svatba-058,assets/portfolio/023.jpg,Ръкопляскащи гости,Гости ръкопляскат в кръг на дансинга в розово осветена шатра,Guests applauding in a circle on the dance floor of a pink-lit marquee,,,1600,1066
svatba-059,assets/portfolio/024.jpg,Сватбено шествие,Сватбено шествие по улицата с тъпан и гости в движение,A wedding procession along the street with a drum and guests on the move,,,1600,1066
svatba-060,assets/portfolio/025.jpg,Ритуал с носии,Булката седи между две жени в български носии по време на сватбен ритуал,The bride sits between two women in Bulgarian costumes during a wedding ritual,,,1600,1066
svatba-061,assets/portfolio/026.jpg,Ритуал на дансинга,Близки танцуват с булката на украсения дансинг по време на сватбен ритуал,Relatives dance with the bride on the decorated dance floor during a wedding ritual,,,1600,1066
svatba-062,assets/portfolio/027.jpg,Подготовка на булката,"Булка си слага обица при подготовката, косата ѝ е вдигната и украсена с перла","Bride putting on an earring while getting ready, her hair pinned up with a pearl",,,1600,1066
svatba-063,assets/portfolio/028.jpg,Булка и приятелка,Булка и приятелка позират между бели колони,Bride and a friend posing between white columns,,,1067,1600
svatba-064,assets/portfolio/029.jpg,Разходка по калдъръм,"Булка в бяла рокля върви по каменна пътека, до нея мъж в кафява роба",A bride in a white dress walks along a stone path beside a man in a brown robe,,,1600,1066
svatba-065,assets/portfolio/030.jpg,Младоженци и гостенка,"Младоженец в смокинг и булка в рокля с едно рамо, на преден план гостенка в тъмна рокля",Groom in a tuxedo and bride in a one-shoulder gown with a female guest in a dark dress in the foreground,,,1600,1066
svatba-066,assets/portfolio/031.jpg,Погача пред колата,"Младоженецът с ритуалната погача пред бял джип, наоколо са приятели","The groom holding a ritual bread in front of a white SUV, friends around him",,,1067,1600
svatba-067,assets/portfolio/032.jpg,Младоженец до каменна стена,Младоженец в тъмносин костюм с папийонка се подпира на каменна стена,Groom in a navy suit with a bow tie leaning against a stone wall,,,1067,1600
svatba-068,assets/portfolio/033.jpg,Торта за младоженците,"Булката държи чинийка, а младоженецът реже сватбената торта с бели цветя",The bride holds a plate while the groom cuts the wedding cake decorated with white flowers,,,1600,1066
svatba-069,assets/portfolio/034.jpg,Игра на вратата,Приятели на вратата по време на весела сватбена игра,Friends at the door during a playful wedding game,,,1600,1066
svatba-070,assets/portfolio/035.jpg,Целувка в стара уличка,Младоженци се целуват в тясна калдъръмена уличка под каменна арка,Newlyweds kissing in a narrow cobbled alley beneath a stone arch,,,1600,1066
svatba-071,assets/portfolio/036.jpg,Целувка на ръката,Младоженецът целува ръката на усмихнатата булка,The groom kisses the smiling bride's hand,,,1600,1066
svatba-072,assets/portfolio/037.jpg,Танц на младоженците,Младоженци танцуват в зала с лилаво осветление,The newlyweds dancing in a hall with purple lighting,,,1600,1066
svatba-073,assets/portfolio/038.jpg,Църковен венчален обред,Венчален обред в църква – свещеник и младоженци с корони на главите,A church wedding ceremony – a priest and the couple wearing wedding crowns,,,1067,1600
svatba-074,assets/portfolio/039.jpg,Благословия на младоженеца,"Свещеник благославя младоженеца с кръст, до него стои булката",A priest blesses the groom with a cross while the bride stands beside him,,,1600,1066
svatba-075,assets/portfolio/040.jpg,Целувка в есенния парк,"Младоженци се целуват в парк с есенни дървета, булката държи розов букет","Newlyweds kissing in a park with autumn trees, the bride holding a pink bouquet",,,1067,1600
svatba-076,assets/portfolio/041.jpg,Закачлива двойка,Закачлива фотосесия на младоженци край фонтан и скали,A playful photo shoot of the newlyweds beside a fountain and rocks,,,1600,1066
svatba-077,assets/portfolio/042.jpg,Златно поле и планина,Младоженци с букет в златисто поле с планина на хоризонта,Newlyweds with a bouquet in a golden field with a mountain on the horizon,,,1600,1066
svatba-078,assets/portfolio/043.jpg,Разходка по улицата,"Младоженци вървят по градска улица, младоженецът е със сако през рамо","The couple strolls down a city street, the groom with his jacket over his shoulder",,,1600,1066
svatba-079,assets/portfolio/044.jpg,Прегръдка на стъпалата,Младоженци се прегръщат пред стъпала на шахматна настилка,Newlyweds embracing in front of steps on chessboard-pattern tiles,,,1600,1066
svatba-080,assets/portfolio/045.jpg,Булка и шаферки,Булката е целувана по бузите от две шаферки пред стара аркада,The bride is kissed on both cheeks by two bridesmaids in front of an old arcade,,,1600,1066
svatba-081,assets/portfolio/046.jpg,Двойка на пейка,"Младоженци седят на пейка в парк, булката е с воал и букет","Newlyweds sitting on a park bench, the bride wearing a veil and holding a bouquet",,,1067,1600
svatba-082,assets/portfolio/047.jpg,Черно-бяла прегръдка на калдъръм,Черно-бяла фотография на двойка в прегръдка на калдъръмена настилка,Black-and-white photograph of a couple embracing on cobblestones,,,1067,1600
svatba-083,assets/portfolio/048.jpg,Двойка до каменен мост,Двойка до старинен каменен мост с арки сред зелени планински склонове,A couple beside an old arched stone bridge among green mountain slopes,,,1600,1066
svatba-084,assets/portfolio/049.jpg,Групова снимка на червен килим,Младоженци и близки позират за групова снимка на червен килим,The couple and relatives pose for a group photo on a red carpet,,,1600,1066
svatba-085,assets/portfolio/050.jpg,Целувка пред моста,Двойка в червено и бяло се целува пред каменен мост с арки,A couple in red and white kissing in front of an arched stone bridge,,,1600,1066
svatba-086,assets/portfolio/051.jpg,Фойерверки,Младоженци гледат фойерверки в нощното небе,Newlyweds watching fireworks in the night sky,,,1067,1600
svatba-087,assets/portfolio/052.jpg,Групова снимка с цветна арка,Младоженци и гости позират пред бяла стена с цветна арка в градина,Newlyweds and guests posing in front of a white wall with a floral arch in a garden,,,1600,1066
svatba-088,assets/portfolio/053.jpg,Гости пред цветния фон,"Групов кадър с младоженците и гости, една от тях е в ярко розова рокля, пред цветен фон","A group shot with the newlyweds and guests, one wearing a bright pink dress, in front of a floral backdrop",,,1600,1066
svatba-089,assets/portfolio/054.jpg,Обувка във въздуха,Весел гост вдига обувка над главата си в банкетна зала,A cheerful guest holds a shoe above his head in a banquet hall,,,1600,1066
svatba-090,assets/portfolio/055.jpg,Танцуващ гост,Млад гост в тъмна риза танцува на дансинга в лилава светлина,A young guest in a dark shirt dancing on the dance floor in purple light,,,1067,1600
svatba-091,assets/portfolio/056.jpg,Гости в светла зала,"Гости, наредени в светла зала по време на тържеството",Guests gathered in a bright hall during the celebration,,,1600,1066
svatba-092,assets/portfolio/057.jpg,Група пред зелен декор,Младоженци с гости пред зелена сватбена декорация,The newlyweds with guests in front of a green wedding backdrop,,,1600,1066
svatba-093,assets/portfolio/058.jpg,Церемония с панделка,Младоженецът и гости с ритуална панделка в коридор,The groom and guests with a ceremonial ribbon in a hallway,,,1600,1066
svatba-094,assets/portfolio/059.jpg,Гости на масите,Гостенки в зелени и сини рокли между подредени маси,Female guests in green and blue dresses among laid tables,,,1600,1066
svatba-095,assets/portfolio/060.jpg,Булка на дансинга,"Булка танцува под цветни светлини, преден план е размит",The bride dancing under coloured lights with a blurred foreground,,,1067,1600
svatba-096,assets/portfolio/061.jpg,На прага,Младоженци и приятели на вратата на къща,The newlyweds and friends at a house doorway,,,1600,1066
svatba-097,assets/portfolio/062.jpg,Двойка с цветна арка,Младоженци с панделка в ръце пред бяла арка с розови рози,The couple holding a ribbon in front of a white arch with pink roses,,,1067,1600
svatba-098,assets/portfolio/063.jpg,Булка и приятелка на поляната,Булката и приятелка пред цветна арка на зелена поляна,The bride and a friend in front of a floral arch on a green lawn,,,1600,1066
svatba-099,assets/portfolio/064.jpg,Торта с дракон,"Младоженци с торта, украсена с червен дракон, докато гостите ръкопляскат",The couple with a cake decorated with a red dragon while the guests applaud,,,1600,1066
svatba-100,assets/portfolio/065.jpg,Целувка на терасата,Целувка на бяла тераса под облачно небе,A kiss on a white terrace under a cloudy sky,,,1600,1066
svatba-101,assets/portfolio/066.jpg,Веселба на дансинга,Гости танцуват под розово и синьо осветление,Guests dancing under pink and blue lighting,,,1600,1066
svatba-102,assets/portfolio/067.jpg,Хоро с младоженците,Хоро с младоженците и гостите в банкетната зала,A traditional horo dance with the newlyweds and guests in the banquet hall,,,1600,1066
svatba-103,assets/portfolio/068.jpg,Хоро в светла зала,Гости на хорото в светла зала с полилей,Guests dancing the horo in a bright hall with a chandelier,,,1600,1066
svatba-104,assets/portfolio/069.jpg,Булка на сватбената маса,"Булка на маса в банкетна зала с полилеи, а гост се навежда към нея",The bride at a table in a banquet hall with chandeliers as a guest leans towards her,,,1600,1066
svatba-105,assets/portfolio/070.jpg,Подаръчна кошница,"Гостенка връчва подаръчна кошница на млад мъж, зад тях е сцената на диджея",A female guest hands a gift basket to a young man with the DJ stage behind them,,,1600,1066
svatba-106,assets/portfolio/071.jpg,Гост до колона,"Мъж в риза с тропически десен, облегнат на бяла колона в лилаво осветление",A man in a tropical-print shirt leaning against a white column in purple lighting,,,1067,1600
svatba-107,assets/portfolio/072.jpg,Хоро с преплетени ръце,"Гости с преплетени ръце в хоро, дамите са в зелени рокли","Guests with linked hands in a horo, the ladies wearing green dresses",,,1600,1066
svatba-108,assets/portfolio/073.jpg,Шествие с байрак,Мъже в костюми на улицата с червен байрак по време на сватбено шествие,Men in suits on the street with a red banner during a wedding procession,,,1600,1066
svatba-109,assets/portfolio/074.jpg,Младоженецът в залата,Младоженец пресича светла банкетна зала между цветни композиции,The groom crosses a bright banquet hall between floral arrangements,,,1600,1066
svatba-110,assets/portfolio/075.jpg,Весели гости,Весели гости със слънчеви очила танцуват под зелена светлина,Cheerful guests in sunglasses dancing under green light,,,1600,1066
svatba-111,assets/portfolio/076.jpg,Смях на сватбената маса,Младоженците и приятел се смеят на сватбената маса сред рози,The newlyweds and a friend laughing at the wedding table among roses,,,1600,1066
svatba-112,assets/portfolio/077.jpg,Младоженецът във въздуха,Приятели подхвърлят младоженеца във въздуха в зала с гирлянди,Friends toss the groom into the air in a hall with string lights,,,1600,1066
svatba-113,assets/portfolio/078.jpg,Приятели на масата,Група приятели се прегръщат на масата по време на сватбата,A group of friends hug at their table during the wedding,,,1600,1066
svatba-114,assets/portfolio/079.jpg,Гости пред украсената маса,Младоженци и гости позират на дансинга пред украсена маса,The newlyweds and guests posing on the dance floor in front of a decorated table,,,1600,1066
svatba-115,assets/portfolio/080.jpg,Розови листенца на пода,Младоженци и гости в светла зала с разпилени розови листенца по пода,The newlyweds and guests in a bright hall with rose petals scattered on the floor,,,1600,1066
svatba-116,assets/portfolio/081.jpg,Студени фойерверки,Танц на младоженците между фонтани от студени фойерверки,The couple's dance between fountains of cold sparklers,,,1600,1066
svatba-117,assets/portfolio/082.jpg,Семеен кадър пред зелен фон,Младоженци със семейство и малко момиче пред зелен фон,The newlyweds with family and a little girl in front of a green backdrop,,,1600,1066
svatba-118,assets/portfolio/083.jpg,Групова снимка в градината,Младоженци с гости пред цветна арка в градина,The newlyweds with guests in front of a floral arch in a garden,,,1600,1066
svatba-119,assets/portfolio/084.jpg,Вечерен танц в градината,Младоженците танцуват в градината по здрач,The newlyweds dancing in the garden at dusk,,,1600,1066
svatba-120,assets/portfolio/085.jpg,Банкетна зала,Общ план на светла банкетна зала с подредени маси и гости,Wide shot of a bright banquet hall with laid tables and guests,,,1600,1066
svatba-121,assets/portfolio/086.jpg,Целувка на сватбената маса,"Младоженците се целуват на сватбената маса, приятели наблюдават",The newlyweds kiss at the wedding table while friends look on,,,1600,1066
svatba-122,assets/portfolio/087.jpg,Танц на терасата в есента,Младоженецът върти булката в танц на тераса сред есенна зеленина,The groom twirls the bride in a dance on a terrace among autumn greenery,,,1600,1066
svatba-123,assets/portfolio/088.jpg,Сърце от жив плет,Двойка пред сърце от подстригани храсти с планинска долина зад него,A couple in front of a heart shaped hedge with a mountain valley behind it,,,1600,1066
svatba-124,assets/portfolio/089.jpg,Танц на гостите,По-възрастни гости танцуват в бяла зала със синьо осветление,Older guests dancing in a white hall with blue lighting,,,1600,1066
svatba-125,assets/portfolio/090.jpg,Младоженци и приятелка,"Булката, младоженецът и приятелка пред цветна арка в градина","The bride, the groom and a friend in front of a floral arch in a garden",,,1600,1066
svatba-126,assets/portfolio/091.jpg,Сватбена украса,Детайл от украсата на масата – бели цветя и зелена кадифена покривка,A table decoration detail – white flowers and a green velvet tablecloth,,,1600,1066
svatba-127,assets/portfolio/093.jpg,Аплодисменти за младоженците,Гости ръкопляскат на младоженците в залата,Guests applaud the newlyweds in the hall,,,1600,1066
svatba-128,assets/portfolio/094.jpg,Гости на дансинга,Двойка гости танцува в ресторант с уютно осветление,A couple of guests dance in a restaurant with warm lighting,,,1600,1066
svatba-129,assets/portfolio/095.jpg,При портата,Младоженецът се навежда над украсена ограда пред къща по време на сватбен ритуал,The groom leans over a decorated fence in front of a house during a wedding ritual,,,1600,1066
svatba-130,assets/portfolio/097.jpg,Музиканти с акордеон и тъпан,Музиканти с акордеон и тъпан и гости в народни носии около богата трапеза,Musicians with an accordion and drum and guests in folk costumes around a festive table,,,1600,1066
svatba-131,assets/portfolio/098.jpg,Младоженец до бяла кола,Младоженец в тъмнозелен костюм до бяла кола на улица,Groom in a dark green suit next to a white car on a street,,,1600,1066
svatba-132,assets/portfolio/099.jpg,Подготовка на младоженеца,Младоженецът оправя вратовръзката си в бяла стая,The groom adjusts his tie in a white room,,,1600,1066
svatba-133,assets/portfolio/100.jpg,Младоженци със семейството,Младоженци със свои близки пред зелен декор,The newlyweds with their relatives in front of a green backdrop,,,1600,1066
svatba-134,assets/portfolio/101.jpg,Тост на сватбената маса,Мъж в син костюм държи микрофон и вдига тост до седналия младоженец,A man in a blue suit holds a microphone and gives a toast beside the seated groom,,,1600,1066
