old_path,new_path,kind
assets/portfolio/others_001.jpg,assets/gallery/svatba-001.webp,full
assets/portfolio_mobile/others_001.jpg,assets/gallery/svatba-001-800.webp,800w
assets/portfolio_thumb/others_001.jpg,assets/gallery/svatba-001-480.webp,480w
assets/portfolio/others_002.jpg,assets/gallery/svatba-002.webp,full
assets/portfolio_mobile/others_002.jpg,assets/gallery/svatba-002-800.webp,800w
assets/portfolio_thumb/others_002.jpg,assets/gallery/svatba-002-480.webp,480w
assets/portfolio/others_003.jpg,assets/gallery/svatba-003.webp,full
assets/portfolio_mobile/others_003.jpg,assets/gallery/svatba-003-800.webp,800w
assets/portfolio_thumb/others_003.jpg,assets/gallery/svatba-003-480.webp,480w
assets/portfolio/others_004.jpg,assets/gallery/svatba-004.webp,full
assets/portfolio_mobile/others_004.jpg,assets/gallery/svatba-004-800.webp,800w
assets/portfolio_thumb/others_004.jpg,assets/gallery/svatba-004-480.webp,480w
assets/portfolio/others_005.jpg,assets/gallery/svatba-005.webp,full
assets/portfolio_mobile/others_005.jpg,assets/gallery/svatba-005-800.webp,800w
assets/portfolio_thumb/others_005.jpg,assets/gallery/svatba-005-480.webp,480w
assets/portfolio/others_006.jpg,assets/gallery/svatba-006.webp,full
assets/portfolio_mobile/others_006.jpg,assets/gallery/svatba-006-800.webp,800w
assets/portfolio_thumb/others_006.jpg,assets/gallery/svatba-006-480.webp,480w
assets/portfolio/others_007.jpg,assets/gallery/svatba-007.webp,full
assets/portfolio_mobile/others_007.jpg,assets/gallery/svatba-007-800.webp,800w
assets/portfolio_thumb/others_007.jpg,assets/gallery/svatba-007-480.webp,480w
assets/portfolio/others_008.jpg,assets/gallery/svatba-008.webp,full
assets/portfolio_mobile/others_008.jpg,assets/gallery/svatba-008-800.webp,800w
assets/portfolio_thumb/others_008.jpg,assets/gallery/svatba-008-480.webp,480w
assets/portfolio/others_009.jpg,assets/gallery/svatba-009.webp,full
assets/portfolio_mobile/others_009.jpg,assets/gallery/svatba-009-800.webp,800w
assets/portfolio_thumb/others_009.jpg,assets/gallery/svatba-009-480.webp,480w
assets/portfolio/others_012.jpg,assets/gallery/svatba-010.webp,full
assets/portfolio_mobile/others_012.jpg,assets/gallery/svatba-010-800.webp,800w
assets/portfolio_thumb/others_012.jpg,assets/gallery/svatba-010-480.webp,480w
assets/portfolio/others_013.jpg,assets/gallery/svatba-011.webp,full
assets/portfolio_mobile/others_013.jpg,assets/gallery/svatba-011-800.webp,800w
assets/portfolio_thumb/others_013.jpg,assets/gallery/svatba-011-480.webp,480w
assets/portfolio/others_015.jpg,assets/gallery/svatba-012.webp,full
assets/portfolio_mobile/others_015.jpg,assets/gallery/svatba-012-800.webp,800w
assets/portfolio_thumb/others_015.jpg,assets/gallery/svatba-012-480.webp,480w
assets/portfolio/others_016.jpg,assets/gallery/svatba-013.webp,full
assets/portfolio_mobile/others_016.jpg,assets/gallery/svatba-013-800.webp,800w
assets/portfolio_thumb/others_016.jpg,assets/gallery/svatba-013-480.webp,480w
assets/01.jpg,assets/gallery/svatba-014.webp,full
assets/mobile/01.jpg,assets/gallery/svatba-014-800.webp,800w
assets/thumb/01.jpg,assets/gallery/svatba-014-480.webp,480w
assets/02.jpg,assets/gallery/svatba-015.webp,full
assets/mobile/02.jpg,assets/gallery/svatba-015-800.webp,800w
assets/thumb/02.jpg,assets/gallery/svatba-015-480.webp,480w
assets/03.jpg,assets/gallery/svatba-016.webp,full
assets/mobile/03.jpg,assets/gallery/svatba-016-800.webp,800w
assets/thumb/03.jpg,assets/gallery/svatba-016-480.webp,480w
assets/04.jpg,assets/gallery/svatba-017.webp,full
assets/mobile/04.jpg,assets/gallery/svatba-017-800.webp,800w
assets/thumb/04.jpg,assets/gallery/svatba-017-480.webp,480w
assets/05.jpg,assets/gallery/svatba-018.webp,full
assets/mobile/05.jpg,assets/gallery/svatba-018-800.webp,800w
assets/thumb/05.jpg,assets/gallery/svatba-018-480.webp,480w
assets/06.jpg,assets/gallery/svatba-019.webp,full
assets/mobile/06.jpg,assets/gallery/svatba-019-800.webp,800w
assets/thumb/06.jpg,assets/gallery/svatba-019-480.webp,480w
assets/07.jpg,assets/gallery/svatba-020.webp,full
assets/mobile/07.jpg,assets/gallery/svatba-020-800.webp,800w
assets/thumb/07.jpg,assets/gallery/svatba-020-480.webp,480w
assets/08.jpg,assets/gallery/svatba-021.webp,full
assets/mobile/08.jpg,assets/gallery/svatba-021-800.webp,800w
assets/thumb/08.jpg,assets/gallery/svatba-021-480.webp,480w
assets/09.jpg,assets/gallery/svatba-022.webp,full
assets/mobile/09.jpg,assets/gallery/svatba-022-800.webp,800w
assets/thumb/09.jpg,assets/gallery/svatba-022-480.webp,480w
assets/010.jpg,assets/gallery/svatba-023.webp,full
assets/mobile/010.jpg,assets/gallery/svatba-023-800.webp,800w
assets/thumb/010.jpg,assets/gallery/svatba-023-480.webp,480w
assets/011.jpg,assets/gallery/svatba-024.webp,full
assets/mobile/011.jpg,assets/gallery/svatba-024-800.webp,800w
assets/thumb/011.jpg,assets/gallery/svatba-024-480.webp,480w
assets/012.jpg,assets/gallery/svatba-025.webp,full
assets/mobile/012.jpg,assets/gallery/svatba-025-800.webp,800w
assets/thumb/012.jpg,assets/gallery/svatba-025-480.webp,480w
assets/013.jpg,assets/gallery/svatba-026.webp,full
assets/mobile/013.jpg,assets/gallery/svatba-026-800.webp,800w
assets/thumb/013.jpg,assets/gallery/svatba-026-480.webp,480w
assets/014.jpg,assets/gallery/svatba-027.webp,full
assets/mobile/014.jpg,assets/gallery/svatba-027-800.webp,800w
assets/thumb/014.jpg,assets/gallery/svatba-027-480.webp,480w
assets/015.jpg,assets/gallery/svatba-028.webp,full
assets/mobile/015.jpg,assets/gallery/svatba-028-800.webp,800w
assets/thumb/015.jpg,assets/gallery/svatba-028-480.webp,480w
assets/016.jpg,assets/gallery/svatba-029.webp,full
assets/mobile/016.jpg,assets/gallery/svatba-029-800.webp,800w
assets/thumb/016.jpg,assets/gallery/svatba-029-480.webp,480w
assets/017.jpg,assets/gallery/svatba-030.webp,full
assets/mobile/017.jpg,assets/gallery/svatba-030-800.webp,800w
assets/thumb/017.jpg,assets/gallery/svatba-030-480.webp,480w
assets/018.jpg,assets/gallery/svatba-031.webp,full
assets/mobile/018.jpg,assets/gallery/svatba-031-800.webp,800w
assets/thumb/018.jpg,assets/gallery/svatba-031-480.webp,480w
assets/019.jpg,assets/gallery/svatba-032.webp,full
assets/mobile/019.jpg,assets/gallery/svatba-032-800.webp,800w
assets/thumb/019.jpg,assets/gallery/svatba-032-480.webp,480w
assets/020.jpg,assets/gallery/svatba-033.webp,full
assets/mobile/020.jpg,assets/gallery/svatba-033-800.webp,800w
assets/thumb/020.jpg,assets/gallery/svatba-033-480.webp,480w
assets/021.jpg,assets/gallery/svatba-034.webp,full
assets/mobile/021.jpg,assets/gallery/svatba-034-800.webp,800w
assets/thumb/021.jpg,assets/gallery/svatba-034-480.webp,480w
assets/022.jpg,assets/gallery/svatba-035.webp,full
assets/mobile/022.jpg,assets/gallery/svatba-035-800.webp,800w
assets/thumb/022.jpg,assets/gallery/svatba-035-480.webp,480w
assets/portfolio/001.jpg,assets/gallery/svatba-036.webp,full
assets/portfolio_mobile/001.jpg,assets/gallery/svatba-036-800.webp,800w
assets/portfolio_thumb/001.jpg,assets/gallery/svatba-036-480.webp,480w
assets/portfolio/002.jpg,assets/gallery/svatba-037.webp,full
assets/portfolio_mobile/002.jpg,assets/gallery/svatba-037-800.webp,800w
assets/portfolio_thumb/002.jpg,assets/gallery/svatba-037-480.webp,480w
assets/portfolio/003.jpg,assets/gallery/svatba-038.webp,full
assets/portfolio_mobile/003.jpg,assets/gallery/svatba-038-800.webp,800w
assets/portfolio_thumb/003.jpg,assets/gallery/svatba-038-480.webp,480w
assets/portfolio/004.jpg,assets/gallery/svatba-039.webp,full
assets/portfolio_mobile/004.jpg,assets/gallery/svatba-039-800.webp,800w
assets/portfolio_thumb/004.jpg,assets/gallery/svatba-039-480.webp,480w
assets/portfolio/005.jpg,assets/gallery/svatba-040.webp,full
assets/portfolio_mobile/005.jpg,assets/gallery/svatba-040-800.webp,800w
assets/portfolio_thumb/005.jpg,assets/gallery/svatba-040-480.webp,480w
assets/portfolio/006.jpg,assets/gallery/svatba-041.webp,full
assets/portfolio_mobile/006.jpg,assets/gallery/svatba-041-800.webp,800w
assets/portfolio_thumb/006.jpg,assets/gallery/svatba-041-480.webp,480w
assets/portfolio/007.jpg,assets/gallery/svatba-042.webp,full
assets/portfolio_mobile/007.jpg,assets/gallery/svatba-042-800.webp,800w
assets/portfolio_thumb/007.jpg,assets/gallery/svatba-042-480.webp,480w
assets/portfolio/008.jpg,assets/gallery/svatba-043.webp,full
assets/portfolio_mobile/008.jpg,assets/gallery/svatba-043-800.webp,800w
assets/portfolio_thumb/008.jpg,assets/gallery/svatba-043-480.webp,480w
assets/portfolio/009.jpg,assets/gallery/svatba-044.webp,full
assets/portfolio_mobile/009.jpg,assets/gallery/svatba-044-800.webp,800w
assets/portfolio_thumb/009.jpg,assets/gallery/svatba-044-480.webp,480w
assets/portfolio/010.jpg,assets/gallery/svatba-045.webp,full
assets/portfolio_mobile/010.jpg,assets/gallery/svatba-045-800.webp,800w
assets/portfolio_thumb/010.jpg,assets/gallery/svatba-045-480.webp,480w
assets/portfolio/011.jpg,assets/gallery/svatba-046.webp,full
assets/portfolio_mobile/011.jpg,assets/gallery/svatba-046-800.webp,800w
assets/portfolio_thumb/011.jpg,assets/gallery/svatba-046-480.webp,480w
assets/portfolio/012.jpg,assets/gallery/svatba-047.webp,full
assets/portfolio_mobile/012.jpg,assets/gallery/svatba-047-800.webp,800w
assets/portfolio_thumb/012.jpg,assets/gallery/svatba-047-480.webp,480w
assets/portfolio/013.jpg,assets/gallery/svatba-048.webp,full
assets/portfolio_mobile/013.jpg,assets/gallery/svatba-048-800.webp,800w
assets/portfolio_thumb/013.jpg,assets/gallery/svatba-048-480.webp,480w
assets/portfolio/014.jpg,assets/gallery/svatba-049.webp,full
assets/portfolio_mobile/014.jpg,assets/gallery/svatba-049-800.webp,800w
assets/portfolio_thumb/014.jpg,assets/gallery/svatba-049-480.webp,480w
assets/portfolio/015.jpg,assets/gallery/svatba-050.webp,full
assets/portfolio_mobile/015.jpg,assets/gallery/svatba-050-800.webp,800w
assets/portfolio_thumb/015.jpg,assets/gallery/svatba-050-480.webp,480w
assets/portfolio/016.jpg,assets/gallery/svatba-051.webp,full
assets/portfolio_mobile/016.jpg,assets/gallery/svatba-051-800.webp,800w
assets/portfolio_thumb/016.jpg,assets/gallery/svatba-051-480.webp,480w
assets/portfolio/017.jpg,assets/gallery/svatba-052.webp,full
assets/portfolio_mobile/017.jpg,assets/gallery/svatba-052-800.webp,800w
assets/portfolio_thumb/017.jpg,assets/gallery/svatba-052-480.webp,480w
assets/portfolio/018.jpg,assets/gallery/svatba-053.webp,full
assets/portfolio_mobile/018.jpg,assets/gallery/svatba-053-800.webp,800w
assets/portfolio_thumb/018.jpg,assets/gallery/svatba-053-480.webp,480w
assets/portfolio/019.jpg,assets/gallery/svatba-054.webp,full
assets/portfolio_mobile/019.jpg,assets/gallery/svatba-054-800.webp,800w
assets/portfolio_thumb/019.jpg,assets/gallery/svatba-054-480.webp,480w
assets/portfolio/020.jpg,assets/gallery/svatba-055.webp,full
assets/portfolio_mobile/020.jpg,assets/gallery/svatba-055-800.webp,800w
assets/portfolio_thumb/020.jpg,assets/gallery/svatba-055-480.webp,480w
assets/portfolio/021.jpg,assets/gallery/svatba-056.webp,full
assets/portfolio_mobile/021.jpg,assets/gallery/svatba-056-800.webp,800w
assets/portfolio_thumb/021.jpg,assets/gallery/svatba-056-480.webp,480w
assets/portfolio/022.jpg,assets/gallery/svatba-057.webp,full
assets/portfolio_mobile/022.jpg,assets/gallery/svatba-057-800.webp,800w
assets/portfolio_thumb/022.jpg,assets/gallery/svatba-057-480.webp,480w
assets/portfolio/023.jpg,assets/gallery/svatba-058.webp,full
assets/portfolio_mobile/023.jpg,assets/gallery/svatba-058-800.webp,800w
assets/portfolio_thumb/023.jpg,assets/gallery/svatba-058-480.webp,480w
assets/portfolio/024.jpg,assets/gallery/svatba-059.webp,full
assets/portfolio_mobile/024.jpg,assets/gallery/svatba-059-800.webp,800w
assets/portfolio_thumb/024.jpg,assets/gallery/svatba-059-480.webp,480w
assets/portfolio/025.jpg,assets/gallery/svatba-060.webp,full
assets/portfolio_mobile/025.jpg,assets/gallery/svatba-060-800.webp,800w
assets/portfolio_thumb/025.jpg,assets/gallery/svatba-060-480.webp,480w
assets/portfolio/026.jpg,assets/gallery/svatba-061.webp,full
assets/portfolio_mobile/026.jpg,assets/gallery/svatba-061-800.webp,800w
assets/portfolio_thumb/026.jpg,assets/gallery/svatba-061-480.webp,480w
assets/portfolio/027.jpg,assets/gallery/svatba-062.webp,full
assets/portfolio_mobile/027.jpg,assets/gallery/svatba-062-800.webp,800w
assets/portfolio_thumb/027.jpg,assets/gallery/svatba-062-480.webp,480w
assets/portfolio/028.jpg,assets/gallery/svatba-063.webp,full
assets/portfolio_mobile/028.jpg,assets/gallery/svatba-063-800.webp,800w
assets/portfolio_thumb/028.jpg,assets/gallery/svatba-063-480.webp,480w
assets/portfolio/029.jpg,assets/gallery/svatba-064.webp,full
assets/portfolio_mobile/029.jpg,assets/gallery/svatba-064-800.webp,800w
assets/portfolio_thumb/029.jpg,assets/gallery/svatba-064-480.webp,480w
assets/portfolio/030.jpg,assets/gallery/svatba-065.webp,full
assets/portfolio_mobile/030.jpg,assets/gallery/svatba-065-800.webp,800w
assets/portfolio_thumb/030.jpg,assets/gallery/svatba-065-480.webp,480w
assets/portfolio/031.jpg,assets/gallery/svatba-066.webp,full
assets/portfolio_mobile/031.jpg,assets/gallery/svatba-066-800.webp,800w
assets/portfolio_thumb/031.jpg,assets/gallery/svatba-066-480.webp,480w
assets/portfolio/032.jpg,assets/gallery/svatba-067.webp,full
assets/portfolio_mobile/032.jpg,assets/gallery/svatba-067-800.webp,800w
assets/portfolio_thumb/032.jpg,assets/gallery/svatba-067-480.webp,480w
assets/portfolio/033.jpg,assets/gallery/svatba-068.webp,full
assets/portfolio_mobile/033.jpg,assets/gallery/svatba-068-800.webp,800w
assets/portfolio_thumb/033.jpg,assets/gallery/svatba-068-480.webp,480w
assets/portfolio/034.jpg,assets/gallery/svatba-069.webp,full
assets/portfolio_mobile/034.jpg,assets/gallery/svatba-069-800.webp,800w
assets/portfolio_thumb/034.jpg,assets/gallery/svatba-069-480.webp,480w
assets/portfolio/035.jpg,assets/gallery/svatba-070.webp,full
assets/portfolio_mobile/035.jpg,assets/gallery/svatba-070-800.webp,800w
assets/portfolio_thumb/035.jpg,assets/gallery/svatba-070-480.webp,480w
assets/portfolio/036.jpg,assets/gallery/svatba-071.webp,full
assets/portfolio_mobile/036.jpg,assets/gallery/svatba-071-800.webp,800w
assets/portfolio_thumb/036.jpg,assets/gallery/svatba-071-480.webp,480w
assets/portfolio/037.jpg,assets/gallery/svatba-072.webp,full
assets/portfolio_mobile/037.jpg,assets/gallery/svatba-072-800.webp,800w
assets/portfolio_thumb/037.jpg,assets/gallery/svatba-072-480.webp,480w
assets/portfolio/038.jpg,assets/gallery/svatba-073.webp,full
assets/portfolio_mobile/038.jpg,assets/gallery/svatba-073-800.webp,800w
assets/portfolio_thumb/038.jpg,assets/gallery/svatba-073-480.webp,480w
assets/portfolio/039.jpg,assets/gallery/svatba-074.webp,full
assets/portfolio_mobile/039.jpg,assets/gallery/svatba-074-800.webp,800w
assets/portfolio_thumb/039.jpg,assets/gallery/svatba-074-480.webp,480w
assets/portfolio/040.jpg,assets/gallery/svatba-075.webp,full
assets/portfolio_mobile/040.jpg,assets/gallery/svatba-075-800.webp,800w
assets/portfolio_thumb/040.jpg,assets/gallery/svatba-075-480.webp,480w
assets/portfolio/041.jpg,assets/gallery/svatba-076.webp,full
assets/portfolio_mobile/041.jpg,assets/gallery/svatba-076-800.webp,800w
assets/portfolio_thumb/041.jpg,assets/gallery/svatba-076-480.webp,480w
assets/portfolio/042.jpg,assets/gallery/svatba-077.webp,full
assets/portfolio_mobile/042.jpg,assets/gallery/svatba-077-800.webp,800w
assets/portfolio_thumb/042.jpg,assets/gallery/svatba-077-480.webp,480w
assets/portfolio/043.jpg,assets/gallery/svatba-078.webp,full
assets/portfolio_mobile/043.jpg,assets/gallery/svatba-078-800.webp,800w
assets/portfolio_thumb/043.jpg,assets/gallery/svatba-078-480.webp,480w
assets/portfolio/044.jpg,assets/gallery/svatba-079.webp,full
assets/portfolio_mobile/044.jpg,assets/gallery/svatba-079-800.webp,800w
assets/portfolio_thumb/044.jpg,assets/gallery/svatba-079-480.webp,480w
assets/portfolio/045.jpg,assets/gallery/svatba-080.webp,full
assets/portfolio_mobile/045.jpg,assets/gallery/svatba-080-800.webp,800w
assets/portfolio_thumb/045.jpg,assets/gallery/svatba-080-480.webp,480w
assets/portfolio/046.jpg,assets/gallery/svatba-081.webp,full
assets/portfolio_mobile/046.jpg,assets/gallery/svatba-081-800.webp,800w
assets/portfolio_thumb/046.jpg,assets/gallery/svatba-081-480.webp,480w
assets/portfolio/047.jpg,assets/gallery/svatba-082.webp,full
assets/portfolio_mobile/047.jpg,assets/gallery/svatba-082-800.webp,800w
assets/portfolio_thumb/047.jpg,assets/gallery/svatba-082-480.webp,480w
assets/portfolio/048.jpg,assets/gallery/svatba-083.webp,full
assets/portfolio_mobile/048.jpg,assets/gallery/svatba-083-800.webp,800w
assets/portfolio_thumb/048.jpg,assets/gallery/svatba-083-480.webp,480w
assets/portfolio/049.jpg,assets/gallery/svatba-084.webp,full
assets/portfolio_mobile/049.jpg,assets/gallery/svatba-084-800.webp,800w
assets/portfolio_thumb/049.jpg,assets/gallery/svatba-084-480.webp,480w
assets/portfolio/050.jpg,assets/gallery/svatba-085.webp,full
assets/portfolio_mobile/050.jpg,assets/gallery/svatba-085-800.webp,800w
assets/portfolio_thumb/050.jpg,assets/gallery/svatba-085-480.webp,480w
assets/portfolio/051.jpg,assets/gallery/svatba-086.webp,full
assets/portfolio_mobile/051.jpg,assets/gallery/svatba-086-800.webp,800w
assets/portfolio_thumb/051.jpg,assets/gallery/svatba-086-480.webp,480w
assets/portfolio/052.jpg,assets/gallery/svatba-087.webp,full
assets/portfolio_mobile/052.jpg,assets/gallery/svatba-087-800.webp,800w
assets/portfolio_thumb/052.jpg,assets/gallery/svatba-087-480.webp,480w
assets/portfolio/053.jpg,assets/gallery/svatba-088.webp,full
assets/portfolio_mobile/053.jpg,assets/gallery/svatba-088-800.webp,800w
assets/portfolio_thumb/053.jpg,assets/gallery/svatba-088-480.webp,480w
assets/portfolio/054.jpg,assets/gallery/svatba-089.webp,full
assets/portfolio_mobile/054.jpg,assets/gallery/svatba-089-800.webp,800w
assets/portfolio_thumb/054.jpg,assets/gallery/svatba-089-480.webp,480w
assets/portfolio/055.jpg,assets/gallery/svatba-090.webp,full
assets/portfolio_mobile/055.jpg,assets/gallery/svatba-090-800.webp,800w
assets/portfolio_thumb/055.jpg,assets/gallery/svatba-090-480.webp,480w
assets/portfolio/056.jpg,assets/gallery/svatba-091.webp,full
assets/portfolio_mobile/056.jpg,assets/gallery/svatba-091-800.webp,800w
assets/portfolio_thumb/056.jpg,assets/gallery/svatba-091-480.webp,480w
assets/portfolio/057.jpg,assets/gallery/svatba-092.webp,full
assets/portfolio_mobile/057.jpg,assets/gallery/svatba-092-800.webp,800w
assets/portfolio_thumb/057.jpg,assets/gallery/svatba-092-480.webp,480w
assets/portfolio/058.jpg,assets/gallery/svatba-093.webp,full
assets/portfolio_mobile/058.jpg,assets/gallery/svatba-093-800.webp,800w
assets/portfolio_thumb/058.jpg,assets/gallery/svatba-093-480.webp,480w
assets/portfolio/059.jpg,assets/gallery/svatba-094.webp,full
assets/portfolio_mobile/059.jpg,assets/gallery/svatba-094-800.webp,800w
assets/portfolio_thumb/059.jpg,assets/gallery/svatba-094-480.webp,480w
assets/portfolio/060.jpg,assets/gallery/svatba-095.webp,full
assets/portfolio_mobile/060.jpg,assets/gallery/svatba-095-800.webp,800w
assets/portfolio_thumb/060.jpg,assets/gallery/svatba-095-480.webp,480w
assets/portfolio/061.jpg,assets/gallery/svatba-096.webp,full
assets/portfolio_mobile/061.jpg,assets/gallery/svatba-096-800.webp,800w
assets/portfolio_thumb/061.jpg,assets/gallery/svatba-096-480.webp,480w
assets/portfolio/062.jpg,assets/gallery/svatba-097.webp,full
assets/portfolio_mobile/062.jpg,assets/gallery/svatba-097-800.webp,800w
assets/portfolio_thumb/062.jpg,assets/gallery/svatba-097-480.webp,480w
assets/portfolio/063.jpg,assets/gallery/svatba-098.webp,full
assets/portfolio_mobile/063.jpg,assets/gallery/svatba-098-800.webp,800w
assets/portfolio_thumb/063.jpg,assets/gallery/svatba-098-480.webp,480w
assets/portfolio/064.jpg,assets/gallery/svatba-099.webp,full
assets/portfolio_mobile/064.jpg,assets/gallery/svatba-099-800.webp,800w
assets/portfolio_thumb/064.jpg,assets/gallery/svatba-099-480.webp,480w
assets/portfolio/065.jpg,assets/gallery/svatba-100.webp,full
assets/portfolio_mobile/065.jpg,assets/gallery/svatba-100-800.webp,800w
assets/portfolio_thumb/065.jpg,assets/gallery/svatba-100-480.webp,480w
assets/portfolio/066.jpg,assets/gallery/svatba-101.webp,full
assets/portfolio_mobile/066.jpg,assets/gallery/svatba-101-800.webp,800w
assets/portfolio_thumb/066.jpg,assets/gallery/svatba-101-480.webp,480w
assets/portfolio/067.jpg,assets/gallery/svatba-102.webp,full
assets/portfolio_mobile/067.jpg,assets/gallery/svatba-102-800.webp,800w
assets/portfolio_thumb/067.jpg,assets/gallery/svatba-102-480.webp,480w
assets/portfolio/068.jpg,assets/gallery/svatba-103.webp,full
assets/portfolio_mobile/068.jpg,assets/gallery/svatba-103-800.webp,800w
assets/portfolio_thumb/068.jpg,assets/gallery/svatba-103-480.webp,480w
assets/portfolio/069.jpg,assets/gallery/svatba-104.webp,full
assets/portfolio_mobile/069.jpg,assets/gallery/svatba-104-800.webp,800w
assets/portfolio_thumb/069.jpg,assets/gallery/svatba-104-480.webp,480w
assets/portfolio/070.jpg,assets/gallery/svatba-105.webp,full
assets/portfolio_mobile/070.jpg,assets/gallery/svatba-105-800.webp,800w
assets/portfolio_thumb/070.jpg,assets/gallery/svatba-105-480.webp,480w
assets/portfolio/071.jpg,assets/gallery/svatba-106.webp,full
assets/portfolio_mobile/071.jpg,assets/gallery/svatba-106-800.webp,800w
assets/portfolio_thumb/071.jpg,assets/gallery/svatba-106-480.webp,480w
assets/portfolio/072.jpg,assets/gallery/svatba-107.webp,full
assets/portfolio_mobile/072.jpg,assets/gallery/svatba-107-800.webp,800w
assets/portfolio_thumb/072.jpg,assets/gallery/svatba-107-480.webp,480w
assets/portfolio/073.jpg,assets/gallery/svatba-108.webp,full
assets/portfolio_mobile/073.jpg,assets/gallery/svatba-108-800.webp,800w
assets/portfolio_thumb/073.jpg,assets/gallery/svatba-108-480.webp,480w
assets/portfolio/074.jpg,assets/gallery/svatba-109.webp,full
assets/portfolio_mobile/074.jpg,assets/gallery/svatba-109-800.webp,800w
assets/portfolio_thumb/074.jpg,assets/gallery/svatba-109-480.webp,480w
assets/portfolio/075.jpg,assets/gallery/svatba-110.webp,full
assets/portfolio_mobile/075.jpg,assets/gallery/svatba-110-800.webp,800w
assets/portfolio_thumb/075.jpg,assets/gallery/svatba-110-480.webp,480w
assets/portfolio/076.jpg,assets/gallery/svatba-111.webp,full
assets/portfolio_mobile/076.jpg,assets/gallery/svatba-111-800.webp,800w
assets/portfolio_thumb/076.jpg,assets/gallery/svatba-111-480.webp,480w
assets/portfolio/077.jpg,assets/gallery/svatba-112.webp,full
assets/portfolio_mobile/077.jpg,assets/gallery/svatba-112-800.webp,800w
assets/portfolio_thumb/077.jpg,assets/gallery/svatba-112-480.webp,480w
assets/portfolio/078.jpg,assets/gallery/svatba-113.webp,full
assets/portfolio_mobile/078.jpg,assets/gallery/svatba-113-800.webp,800w
assets/portfolio_thumb/078.jpg,assets/gallery/svatba-113-480.webp,480w
assets/portfolio/079.jpg,assets/gallery/svatba-114.webp,full
assets/portfolio_mobile/079.jpg,assets/gallery/svatba-114-800.webp,800w
assets/portfolio_thumb/079.jpg,assets/gallery/svatba-114-480.webp,480w
assets/portfolio/080.jpg,assets/gallery/svatba-115.webp,full
assets/portfolio_mobile/080.jpg,assets/gallery/svatba-115-800.webp,800w
assets/portfolio_thumb/080.jpg,assets/gallery/svatba-115-480.webp,480w
assets/portfolio/081.jpg,assets/gallery/svatba-116.webp,full
assets/portfolio_mobile/081.jpg,assets/gallery/svatba-116-800.webp,800w
assets/portfolio_thumb/081.jpg,assets/gallery/svatba-116-480.webp,480w
assets/portfolio/082.jpg,assets/gallery/svatba-117.webp,full
assets/portfolio_mobile/082.jpg,assets/gallery/svatba-117-800.webp,800w
assets/portfolio_thumb/082.jpg,assets/gallery/svatba-117-480.webp,480w
assets/portfolio/083.jpg,assets/gallery/svatba-118.webp,full
assets/portfolio_mobile/083.jpg,assets/gallery/svatba-118-800.webp,800w
assets/portfolio_thumb/083.jpg,assets/gallery/svatba-118-480.webp,480w
assets/portfolio/084.jpg,assets/gallery/svatba-119.webp,full
assets/portfolio_mobile/084.jpg,assets/gallery/svatba-119-800.webp,800w
assets/portfolio_thumb/084.jpg,assets/gallery/svatba-119-480.webp,480w
assets/portfolio/085.jpg,assets/gallery/svatba-120.webp,full
assets/portfolio_mobile/085.jpg,assets/gallery/svatba-120-800.webp,800w
assets/portfolio_thumb/085.jpg,assets/gallery/svatba-120-480.webp,480w
assets/portfolio/086.jpg,assets/gallery/svatba-121.webp,full
assets/portfolio_mobile/086.jpg,assets/gallery/svatba-121-800.webp,800w
assets/portfolio_thumb/086.jpg,assets/gallery/svatba-121-480.webp,480w
assets/portfolio/087.jpg,assets/gallery/svatba-122.webp,full
assets/portfolio_mobile/087.jpg,assets/gallery/svatba-122-800.webp,800w
assets/portfolio_thumb/087.jpg,assets/gallery/svatba-122-480.webp,480w
assets/portfolio/088.jpg,assets/gallery/svatba-123.webp,full
assets/portfolio_mobile/088.jpg,assets/gallery/svatba-123-800.webp,800w
assets/portfolio_thumb/088.jpg,assets/gallery/svatba-123-480.webp,480w
assets/portfolio/089.jpg,assets/gallery/svatba-124.webp,full
assets/portfolio_mobile/089.jpg,assets/gallery/svatba-124-800.webp,800w
assets/portfolio_thumb/089.jpg,assets/gallery/svatba-124-480.webp,480w
assets/portfolio/090.jpg,assets/gallery/svatba-125.webp,full
assets/portfolio_mobile/090.jpg,assets/gallery/svatba-125-800.webp,800w
assets/portfolio_thumb/090.jpg,assets/gallery/svatba-125-480.webp,480w
assets/portfolio/091.jpg,assets/gallery/svatba-126.webp,full
assets/portfolio_mobile/091.jpg,assets/gallery/svatba-126-800.webp,800w
assets/portfolio_thumb/091.jpg,assets/gallery/svatba-126-480.webp,480w
assets/portfolio/093.jpg,assets/gallery/svatba-127.webp,full
assets/portfolio_mobile/093.jpg,assets/gallery/svatba-127-800.webp,800w
assets/portfolio_thumb/093.jpg,assets/gallery/svatba-127-480.webp,480w
assets/portfolio/094.jpg,assets/gallery/svatba-128.webp,full
assets/portfolio_mobile/094.jpg,assets/gallery/svatba-128-800.webp,800w
assets/portfolio_thumb/094.jpg,assets/gallery/svatba-128-480.webp,480w
assets/portfolio/095.jpg,assets/gallery/svatba-129.webp,full
assets/portfolio_mobile/095.jpg,assets/gallery/svatba-129-800.webp,800w
assets/portfolio_thumb/095.jpg,assets/gallery/svatba-129-480.webp,480w
assets/portfolio/097.jpg,assets/gallery/svatba-130.webp,full
assets/portfolio_mobile/097.jpg,assets/gallery/svatba-130-800.webp,800w
assets/portfolio_thumb/097.jpg,assets/gallery/svatba-130-480.webp,480w
assets/portfolio/098.jpg,assets/gallery/svatba-131.webp,full
assets/portfolio_mobile/098.jpg,assets/gallery/svatba-131-800.webp,800w
assets/portfolio_thumb/098.jpg,assets/gallery/svatba-131-480.webp,480w
assets/portfolio/099.jpg,assets/gallery/svatba-132.webp,full
assets/portfolio_mobile/099.jpg,assets/gallery/svatba-132-800.webp,800w
assets/portfolio_thumb/099.jpg,assets/gallery/svatba-132-480.webp,480w
assets/portfolio/100.jpg,assets/gallery/svatba-133.webp,full
assets/portfolio_mobile/100.jpg,assets/gallery/svatba-133-800.webp,800w
assets/portfolio_thumb/100.jpg,assets/gallery/svatba-133-480.webp,480w
assets/portfolio/101.jpg,assets/gallery/svatba-134.webp,full
assets/portfolio_mobile/101.jpg,assets/gallery/svatba-134-800.webp,800w
assets/portfolio_thumb/101.jpg,assets/gallery/svatba-134-480.webp,480w
hero.jpg,assets/hero/svatben-fotograf-memory-1920.webp,hero
assets/mobile/hero.jpg,assets/hero/svatben-fotograf-memory-1200.webp,hero-mobile
dj-peppystar.jpg,assets/partners/dj-peppystar.webp,partner
